Entity,Year,Annual COâ‚‚ emissions
Afghanistan,2017,9867969.0
Afghanistan,2018,10818048.0
Afghanistan,2019,11081621.0
Afghanistan,2020,11888066.0
Afghanistan,2021,12283148.0
Afghanistan,2022,12147948.0
Albania,2017,5293048.0
Albania,2018,4894953.0
Albania,2019,4826944.0
Albania,2020,5018921.0
Albania,2021,4903652.0
Albania,2022,4954730.0
Algeria,2017,165089600.0
Algeria,2018,171276020.0
Algeria,2019,178577220.0
Algeria,2020,169892770.0
Algeria,2021,180225200.0
Algeria,2022,176345140.0
Andorra,2017,465328.0
Andorra,2018,494640.0
Andorra,2019,483648.0
Andorra,2020,373728.0
Andorra,2021,363046.0
Andorra,2022,368645.0
Angola,2017,22617028.0
Angola,2018,21434458.0
Angola,2019,19222174.0
Angola,2020,16764786.0
Angola,2021,17505714.0
Angola,2022,16070269.0
Anguilla,2017,128240.01
Anguilla,2018,131904.0
Anguilla,2019,146560.0
Anguilla,2020,142896.0
Anguilla,2021,137698.0
Anguilla,2022,138967.0
Antigua and Barbuda,2017,604560.0
Antigua and Barbuda,2018,615552.0
Antigua and Barbuda,2019,641200.0
Antigua and Barbuda,2020,619216.0
Antigua and Barbuda,2021,596693.0
Antigua and Barbuda,2022,602192.0
Argentina,2017,186898880.0
Argentina,2018,180599310.0
Argentina,2019,178511620.0
Argentina,2020,166879580.0
Argentina,2021,189744130.0
Argentina,2022,192864430.0
Armenia,2017,5540153.0
Armenia,2018,5825786.0
Armenia,2019,6284110.0
Armenia,2020,6799022.0
Armenia,2021,7064143.0
Armenia,2022,6407760.0
Aruba,2017,890352.0
Aruba,2018,872032.0
Aruba,2019,890352.0
Aruba,2020,890352.0
Aruba,2021,857967.0
Aruba,2022,865874.0
Australia,2017,413655460.0
Australia,2018,415350720.0
Australia,2019,415811260.0
Australia,2020,396685200.0
Australia,2021,386606940.0
Australia,2022,392279260.0
Austria,2017,69608664.0
Austria,2018,66571892.0
Austria,2019,67956160.0
Austria,2020,62121252.0
Austria,2021,66018630.0
Austria,2022,61488424.0
Azerbaijan,2017,34607044.0
Azerbaijan,2018,34575828.0
Azerbaijan,2019,37737896.0
Azerbaijan,2020,36149228.0
Azerbaijan,2021,38333620.0
Azerbaijan,2022,38062656.0
Bahamas,2017,2509840.0
Bahamas,2018,2421904.0
Bahamas,2019,2454880.0
Bahamas,2020,2183744.0
Bahamas,2021,2100671.0
Bahamas,2022,2120000.0
Bahrain,2017,32835182.0
Bahrain,2018,32636948.0
Bahrain,2019,37583132.0
Bahrain,2020,37395950.0
Bahrain,2021,38122464.0
Bahrain,2022,37795670.0
Bangladesh,2017,80741780.0
Bangladesh,2018,82555700.0
Bangladesh,2019,100791880.0
Bangladesh,2020,93614960.0
Bangladesh,2021,98760296.0
Bangladesh,2022,102103340.0
Barbados,2017,1644597.0
Barbados,2018,1655590.0
Barbados,2019,1666716.0
Barbados,2020,1233549.0
Barbados,2021,1226393.0
Barbados,2022,1232837.0
Belarus,2017,59381852.0
Belarus,2018,62156932.0
Belarus,2019,62096344.0
Belarus,2020,59055548.0
Belarus,2021,60938200.0
Belarus,2022,58801130.0
Belgium,2017,99055040.0
Belgium,2018,99967320.0
Belgium,2019,99470264.0
Belgium,2020,91101384.0
Belgium,2021,95668080.0
Belgium,2022,89605360.0
Belize,2017,615552.0
Belize,2018,604560.0
Belize,2019,707152.0
Belize,2020,613332.0
Belize,2021,702059.0
Belize,2022,725231.0
Benin,2017,6804151.0
Benin,2018,7434497.0
Benin,2019,7116143.0
Benin,2020,7744662.0
Benin,2021,8312495.0
Benin,2022,8432160.0
Bermuda,2017,633872.0
Bermuda,2018,696160.0
Bermuda,2019,593568.0
Bermuda,2020,458000.0
Bermuda,2021,441341.0
Bermuda,2022,445408.0
Bhutan,2017,1341511.0
Bhutan,2018,1477737.0
Bhutan,2019,1458625.0
Bhutan,2020,919762.0
Bhutan,2021,1062180.0
Bhutan,2022,1055528.0
Bolivia,2017,22171246.0
Bolivia,2018,22501642.0
Bolivia,2019,22605112.0
Bolivia,2020,18326306.0
Bolivia,2021,21725994.0
Bolivia,2022,21493740.0
Bonaire Sint Eustatius and Saba,2017,102592.0
Bonaire Sint Eustatius and Saba,2018,98928.0
Bonaire Sint Eustatius and Saba,2019,109920.0
Bonaire Sint Eustatius and Saba,2020,113584.0
Bonaire Sint Eustatius and Saba,2021,109453.0
Bonaire Sint Eustatius and Saba,2022,110461.0
Bosnia and Herzegovina,2017,22156174.0
Bosnia and Herzegovina,2018,22075036.0
Bosnia and Herzegovina,2019,20810378.0
Bosnia and Herzegovina,2020,20831812.0
Bosnia and Herzegovina,2021,19937964.0
Bosnia and Herzegovina,2022,19735710.0
Botswana,2017,7077332.0
Botswana,2018,7504259.0
Botswana,2019,6782064.0
Botswana,2020,5550960.0
Botswana,2021,6136440.0
Botswana,2022,7467293.0
Brazil,2017,497121380.0
Brazil,2018,477998620.0
Brazil,2019,473464400.0
Brazil,2020,444504320.0
Brazil,2021,497206340.0
Brazil,2022,483477300.0
British Virgin Islands,2017,179536.0
British Virgin Islands,2018,161216.0
British Virgin Islands,2019,164880.0
British Virgin Islands,2020,161216.0
British Virgin Islands,2021,155352.0
British Virgin Islands,2022,156784.0
Brunei,2017,9309384.0
Brunei,2018,9344461.0
Brunei,2019,10732756.0
Brunei,2020,11101930.0
Brunei,2021,11301837.0
Brunei,2022,10753688.0
Bulgaria,2017,47430590.0
Bulgaria,2018,43479636.0
Bulgaria,2019,42232710.0
Bulgaria,2020,36533612.0
Bulgaria,2021,42281884.0
Bulgaria,2022,46147496.0
Burkina Faso,2017,4519039.0
Burkina Faso,2018,5010070.0
Burkina Faso,2019,5507514.0
Burkina Faso,2020,5194114.0
Burkina Faso,2021,5878726.0
Burkina Faso,2022,5962168.0
Burundi,2017,512960.03
Burundi,2018,645078.0
Burundi,2019,688832.0
Burundi,2020,735766.0
Burundi,2021,800000.0
Burundi,2022,798451.0
Cambodia,2017,12475530.0
Cambodia,2018,13933845.0
Cambodia,2019,18219576.0
Cambodia,2020,19034220.0
Cambodia,2021,20130392.0
Cambodia,2022,19955042.0
Cameroon,2017,9578064.0
Cameroon,2018,9645489.0
Cameroon,2019,9591827.0
Cameroon,2020,9701611.0
Cameroon,2021,10297741.0
Cameroon,2022,9572651.0
Canada,2017,566651900.0
Canada,2018,577066300.0
Canada,2019,578587700.0
Canada,2020,522845280.0
Canada,2021,537173760.0
Canada,2022,547943900.0
Cape Verde,2017,509296.0
Cape Verde,2018,538608.0
Cape Verde,2019,560592.0
Cape Verde,2020,516623.97
Cape Verde,2021,558858.0
Cape Verde,2022,568778.0
Central African Republic,2017,216176.0
Central African Republic,2018,219840.0
Central African Republic,2019,227168.0
Central African Republic,2020,238160.0
Central African Republic,2021,249235.0
Central African Republic,2022,226226.0
Chad,2017,2344165.0
Chad,2018,2383510.0
Chad,2019,2303133.0
Chad,2020,2279219.0
Chad,2021,2466556.0
Chad,2022,2369204.0
Chile,2017,84138260.0
Chile,2018,84438870.0
Chile,2019,91977096.0
Chile,2020,80178160.0
Chile,2021,89036664.0
Chile,2022,84377720.0
China,2017,10011151000.0
China,2018,10353934000.0
China,2019,10721042000.0
China,2020,10914012000.0
China,2021,11336233000.0
China,2022,11396777000.0
Colombia,2017,92275010.0
Colombia,2018,87112040.0
Colombia,2019,94497930.0
Colombia,2020,89731320.0
Colombia,2021,95765200.0
Colombia,2022,99717870.0
Comoros,2017,267472.0
Comoros,2018,293120.0
Comoros,2019,311440.0
Comoros,2020,381056.0
Comoros,2021,415130.0
Comoros,2022,412760.0
Congo,2017,5651375.0
Congo,2018,6544945.0
Congo,2019,7290182.0
Congo,2020,7391505.0
Congo,2021,7255881.0
Congo,2022,7431930.0
Cook Islands,2017,80608.0
Cook Islands,2018,80608.0
Cook Islands,2019,84272.0
Cook Islands,2020,65952.0
Cook Islands,2021,68819.0
Cook Islands,2022,68043.0
Costa Rica,2017,8029008.0
Costa Rica,2018,8012376.0
Costa Rica,2019,7698382.0
Costa Rica,2020,6763180.0
Costa Rica,2021,7655385.0
Costa Rica,2022,7888694.0
Cote d'Ivoire,2017,12001905.0
Cote d'Ivoire,2018,10352434.0
Cote d'Ivoire,2019,10535081.0
Cote d'Ivoire,2020,11018607.0
Cote d'Ivoire,2021,11729395.0
Cote d'Ivoire,2022,11734159.0
Croatia,2017,18743996.0
Croatia,2018,17724152.0
Croatia,2019,17857446.0
Croatia,2020,16870528.0
Croatia,2021,17410628.0
Croatia,2022,17526086.0
Cuba,2017,24947550.0
Cuba,2018,23133148.0
Cuba,2019,22618818.0
Cuba,2020,21277102.0
Cuba,2021,20940420.0
Cuba,2022,20921022.0
Curacao,2017,4964720.0
Curacao,2018,4312528.0
Curacao,2019,2242368.0
Curacao,2020,1806352.0
Curacao,2021,1740648.0
Curacao,2022,1756690.0
Cyprus,2017,7503812.0
Cyprus,2018,7321720.0
Cyprus,2019,7342336.0
Cyprus,2020,6910908.0
Cyprus,2021,7029358.0
Cyprus,2022,7029358.0
Czechia,2017,107776580.0
Czechia,2018,106358380.0
Czechia,2019,101032690.0
Czechia,2020,91697370.0
Czechia,2021,96665224.0
Czechia,2022,97969300.0
Democratic Republic of Congo,2017,3102465.0
Democratic Republic of Congo,2018,3375097.0
Democratic Republic of Congo,2019,3592173.0
Democratic Republic of Congo,2020,3709719.0
Democratic Republic of Congo,2021,3940681.0
Democratic Republic of Congo,2022,3601595.0
Denmark,2017,34664620.0
Denmark,2018,34608956.0
Denmark,2019,30950284.0
Denmark,2020,28299676.0
Denmark,2021,29608300.0
Denmark,2022,29059308.0
Djibouti,2017,391759.0
Djibouti,2018,434878.0
Djibouti,2019,448617.0
Djibouti,2020,382454.0
Djibouti,2021,454836.0
Djibouti,2022,453036.0
Dominica,2017,153888.0
Dominica,2018,161216.0
Dominica,2019,172208.0
Dominica,2020,157552.0
Dominica,2021,151821.0
Dominica,2022,153220.0
Dominican Republic,2017,24016922.0
Dominican Republic,2018,25756240.0
Dominican Republic,2019,28374692.0
Dominican Republic,2020,23501650.0
Dominican Republic,2021,23784850.0
Dominican Republic,2022,23637946.0
East Timor,2017,689670.0
East Timor,2018,617024.0
East Timor,2019,675431.0
East Timor,2020,646494.0
East Timor,2021,663697.0
East Timor,2022,668892.0
Ecuador,2017,39174204.0
Ecuador,2018,38429116.0
Ecuador,2019,40065172.0
Ecuador,2020,32909420.0
Ecuador,2021,39731668.0
Ecuador,2022,41613410.0
Egypt,2017,260110600.0
Egypt,2018,243907890.0
Egypt,2019,256140160.0
Egypt,2020,227637950.0
Egypt,2021,246884400.0
Egypt,2022,258951660.0
El Salvador,2017,5969700.0
El Salvador,2018,6262603.0
El Salvador,2019,7549650.0
El Salvador,2020,6594499.0
El Salvador,2021,7487630.0
El Salvador,2022,7714380.0
Equatorial Guinea,2017,7862125.0
Equatorial Guinea,2018,6008448.0
Equatorial Guinea,2019,4637975.0
Equatorial Guinea,2020,5524802.0
Equatorial Guinea,2021,5629140.0
Equatorial Guinea,2022,5076202.0
Eritrea,2017,557061.0
Eritrea,2018,623013.0
Eritrea,2019,648089.0
Eritrea,2020,640911.0
Eritrea,2021,700427.0
Eritrea,2022,696826.0
Estonia,2017,18738382.0
Estonia,2018,17884834.0
Estonia,2019,12323983.0
Estonia,2020,9238881.0
Estonia,2021,10419918.0
Estonia,2022,10311845.0
Eswatini,2017,985616.0
Eswatini,2018,1033247.94
Eswatini,2019,1121184.0
Eswatini,2020,1091872.0
Eswatini,2021,1131434.0
Eswatini,2022,1265046.0
Ethiopia,2017,15583688.0
Ethiopia,2018,15988957.0
Ethiopia,2019,16674992.0
Ethiopia,2020,17810122.0
Ethiopia,2021,18919488.0
Ethiopia,2022,19073260.0
Faroe Islands,2017,707152.0
Faroe Islands,2018,725472.0
Faroe Islands,2019,740128.0
Faroe Islands,2020,758448.0
Faroe Islands,2021,736770.0
Faroe Islands,2022,748133.0
Fiji,2017,1361855.0
Fiji,2018,1410107.0
Fiji,2019,1408048.0
Fiji,2020,1040951.94
Fiji,2021,1085736.0
Fiji,2022,1073925.0
Finland,2017,44654000.0
Finland,2018,45730000.0
Finland,2019,42454000.0
Finland,2020,37735000.0
Finland,2021,37947000.0
Finland,2022,36163000.0
France,2017,336895900.0
France,2018,322078560.0
France,2019,315449730.0
France,2020,281539040.0
France,2021,306775740.0
France,2022,297533920.0
French Polynesia,2017,861040.0
French Polynesia,2018,875696.0
French Polynesia,2019,875696.0
French Polynesia,2020,846384.0
French Polynesia,2021,883174.0
French Polynesia,2022,873217.0
Gabon,2017,5879220.0
Gabon,2018,5473967.0
Gabon,2019,5426023.0
Gabon,2020,5928799.0
Gabon,2021,5880372.0
Gabon,2022,5705554.0
Gambia,2017,593568.0
Gambia,2018,648528.0
Gambia,2019,710816.0
Gambia,2020,699824.0
Gambia,2021,757034.0
Gambia,2022,770472.0
Georgia,2017,10172526.0
Georgia,2018,10062534.0
Georgia,2019,10886591.0
Georgia,2020,10574546.0
Georgia,2021,11056113.0
Georgia,2022,11092909.0
Germany,2017,785985860.0
Germany,2018,754811140.0
Germany,2019,707491400.0
Germany,2020,647252300.0
Germany,2021,678798900.0
Germany,2022,665604700.0
Ghana,2017,12437709.0
Ghana,2018,15193367.0
Ghana,2019,16418402.0
Ghana,2020,19168242.0
Ghana,2021,20966088.0
Ghana,2022,20806944.0
Greece,2017,74843450.0
Greece,2018,71780900.0
Greece,2019,65759484.0
Greece,2020,55619772.0
Greece,2021,57556330.0
Greece,2022,59662764.0
Greenland,2017,543821.0
Greenland,2018,544649.0
Greenland,2019,555414.0
Greenland,2020,537154.0
Greenland,2021,566715.0
Greenland,2022,591718.0
Grenada,2017,278464.0
Grenada,2018,307776.0
Grenada,2019,329760.0
Grenada,2020,289456.0
Grenada,2021,329842.0
Grenada,2022,340416.0
Guatemala,2017,17320534.0
Guatemala,2018,18500796.0
Guatemala,2019,19501706.0
Guatemala,2020,17336898.0
Guatemala,2021,19683010.0
Guatemala,2022,19193244.0
Guinea,2017,3238976.0
Guinea,2018,3162032.0
Guinea,2019,3920951.0
Guinea,2020,4499392.0
Guinea,2021,4867216.0
Guinea,2022,4953613.0
Guinea-Bissau,2017,304112.0
Guinea-Bissau,2018,311440.0
Guinea-Bissau,2019,322432.0
Guinea-Bissau,2020,296784.0
Guinea-Bissau,2021,321046.0
Guinea-Bissau,2022,326745.0
Guyana,2017,2326815.0
Guyana,2018,2502966.0
Guyana,2019,2755782.0
Guyana,2020,3188380.0
Guyana,2021,3563899.0
Guyana,2022,3537124.0
Haiti,2017,3139196.0
Haiti,2018,3410161.0
Haiti,2019,3091473.0
Haiti,2020,2512561.0
Haiti,2021,2425400.0
Haiti,2022,2446681.0
Honduras,2017,10231486.0
Honduras,2018,9861259.0
Honduras,2019,11218794.0
Honduras,2020,9526111.0
Honduras,2021,10834858.0
Honduras,2022,11159723.0
Hong Kong,2017,42431172.0
Hong Kong,2018,42600628.0
Hong Kong,2019,41900196.0
Hong Kong,2020,33497124.0
Hong Kong,2021,32775524.0
Hong Kong,2022,30568888.0
Hungary,2017,49580330.0
Hungary,2018,49534410.0
Hungary,2019,49310484.0
Hungary,2020,47335468.0
Hungary,2021,48563856.0
Hungary,2022,44353616.0
Iceland,2017,3612189.0
Iceland,2018,3668959.0
Iceland,2019,3558741.0
Iceland,2020,3339561.0
Iceland,2021,3510051.0
Iceland,2022,3542503.0
India,2017,2426606800.0
India,2018,2593057800.0
India,2019,2612888000.0
India,2020,2421552000.0
India,2021,2674221800.0
India,2022,2829644300.0
Indonesia,2017,556944200.0
Indonesia,2018,594101400.0
Indonesia,2019,650905900.0
Indonesia,2020,605984600.0
Indonesia,2021,615923400.0
Indonesia,2022,728883260.0
Iran,2017,685401300.0
Iran,2018,710214800.0
Iran,2019,694666500.0
Iran,2020,679007200.0
Iran,2021,688076300.0
Iran,2022,690635260.0
Iraq,2017,176963090.0
Iraq,2018,183753490.0
Iraq,2019,189606500.0
Iraq,2020,159840260.0
Iraq,2021,168586340.0
Iraq,2022,179080800.0
Ireland,2017,39078276.0
Ireland,2018,39012556.0
Ireland,2019,37325750.0
Ireland,2020,35123776.0
Ireland,2021,37547284.0
Ireland,2022,38784012.0
Israel,2017,58841624.0
Israel,2018,59985780.0
Israel,2019,58659188.0
Israel,2020,55697504.0
Israel,2021,54849148.0
Israel,2022,56118090.0
Italy,2017,353418600.0
Italy,2018,349826900.0
Italy,2019,340402530.0
Italy,2020,303281280.0
Italy,2021,337229900.0
Italy,2022,338097280.0
Jamaica,2017,7797546.0
Jamaica,2018,8086434.5
Jamaica,2019,7823415.0
Jamaica,2020,6462606.0
Jamaica,2021,6608377.0
Jamaica,2022,6487594.0
Japan,2017,1186802300.0
Japan,2018,1141668900.0
Japan,2019,1104539800.0
Japan,2020,1039795900.0
Japan,2021,1062129300.0
Japan,2022,1053797800.0
Jordan,2017,25813520.0
Jordan,2018,25141976.0
Jordan,2019,24728612.0
Jordan,2020,21128764.0
Jordan,2021,22667308.0
Jordan,2022,22912578.0
Kazakhstan,2017,293476480.0
Kazakhstan,2018,307174100.0
Kazakhstan,2019,275289760.0
Kazakhstan,2020,255486480.0
Kazakhstan,2021,255142930.0
Kazakhstan,2022,271178270.0
Kenya,2017,17709414.0
Kenya,2018,18837988.0
Kenya,2019,19799186.0
Kenya,2020,21982360.0
Kenya,2021,24457572.0
Kenya,2022,24851922.0
Kiribati,2017,65952.0
Kiribati,2018,65952.0
Kiribati,2019,65952.0
Kiribati,2020,65952.0
Kiribati,2021,68819.0
Kiribati,2022,68043.0
Kosovo,2017,8022504.0
Kosovo,2018,8044655.0
Kosovo,2019,8389661.0
Kosovo,2020,8451382.0
Kosovo,2021,8088310.0
Kosovo,2022,8017524.5
Kuwait,2017,103313340.0
Kuwait,2018,105547870.0
Kuwait,2019,108893460.0
Kuwait,2020,97712410.0
Kuwait,2021,103282790.0
Kuwait,2022,109190000.0
Kyrgyzstan,2017,9360708.0
Kyrgyzstan,2018,11171519.0
Kyrgyzstan,2019,9046309.0
Kyrgyzstan,2020,8348849.5
Kyrgyzstan,2021,9433804.0
Kyrgyzstan,2022,9449704.0
Laos,2017,19683848.0
Laos,2018,20558106.0
Laos,2019,19534332.0
Laos,2020,19674886.0
Laos,2021,23366972.0
Laos,2022,23193406.0
Latvia,2017,7216303.0
Latvia,2018,7863008.0
Latvia,2019,7650647.0
Latvia,2020,6999913.0
Latvia,2021,7240496.0
Latvia,2022,6591454.0
Lebanon,2017,27824084.0
Lebanon,2018,26160182.0
Lebanon,2019,25661360.0
Lebanon,2020,22279648.0
Lebanon,2021,23471840.0
Lebanon,2022,23904522.0
Lesotho,2017,2513504.0
Lesotho,2018,2370608.0
Lesotho,2019,2388928.0
Lesotho,2020,2172752.0
Lesotho,2021,2480521.0
Lesotho,2022,3134694.0
Liberia,2017,890868.0
Liberia,2018,421768.0
Liberia,2019,1019598.0
Liberia,2020,769421.0
Liberia,2021,865255.0
Liberia,2022,876934.0
Libya,2017,53437024.0
Libya,2018,54019470.0
Libya,2019,70527430.0
Libya,2020,47068096.0
Libya,2021,63925804.0
Libya,2022,62961304.0
Liechtenstein,2017,155769.0
Liechtenstein,2018,142950.0
Liechtenstein,2019,149022.0
Liechtenstein,2020,141929.0
Liechtenstein,2021,145884.0
Liechtenstein,2022,149934.0
Lithuania,2017,13286188.0
Lithuania,2018,13434746.0
Lithuania,2019,13677775.0
Lithuania,2020,13538674.0
Lithuania,2021,13829675.0
Lithuania,2022,12667216.0
Luxembourg,2017,9267992.0
Luxembourg,2018,9573905.0
Luxembourg,2019,9769623.0
Luxembourg,2020,8067690.0
Luxembourg,2021,8429713.0
Luxembourg,2022,7524108.0
Macao,2017,1927264.0
Macao,2018,1242096.0
Macao,2019,1212784.0
Macao,2020,1033247.94
Macao,2021,1068793.0
Macao,2022,1051646.0
Madagascar,2017,4118890.8
Madagascar,2018,3791318.0
Madagascar,2019,4256360.0
Madagascar,2020,3963948.0
Madagascar,2021,4266675.0
Madagascar,2022,4403593.0
Malawi,2017,1229673.0
Malawi,2018,1723025.0
Malawi,2019,1636507.0
Malawi,2020,1870757.0
Malawi,2021,2078419.9
Malawi,2022,2094072.1
Malaysia,2017,244105580.0
Malaysia,2018,262207180.0
Malaysia,2019,267494290.0
Malaysia,2020,269248670.0
Malaysia,2021,278861220.0
Malaysia,2022,291071360.0
Maldives,2017,1513232.0
Maldives,2018,1740400.0
Maldives,2019,1952912.0
Maldives,2020,1648800.0
Maldives,2021,1720469.0
Maldives,2022,1701072.0
Mali,2017,4656420.0
Mali,2018,4908662.0
Mali,2019,5832595.0
Mali,2020,6418546.0
Mali,2021,6928157.0
Mali,2022,7038757.0
Malta,2017,1530839.0
Malta,2018,1546735.0
Malta,2019,1648764.0
Malta,2020,1597200.0
Malta,2021,1606727.0
Malta,2022,1655127.0
Marshall Islands,2017,146560.0
Marshall Islands,2018,146560.0
Marshall Islands,2019,146560.0
Marshall Islands,2020,146560.0
Marshall Islands,2021,152931.0
Marshall Islands,2022,151206.0
Mauritania,2017,3419921.0
Mauritania,2018,3664324.0
Mauritania,2019,3773920.0
Mauritania,2020,4118336.2
Mauritania,2021,4455008.0
Mauritania,2022,4534088.0
Mauritius,2017,4536032.0
Mauritius,2018,4459088.0
Mauritius,2019,4521376.0
Mauritius,2020,3806896.0
Mauritius,2021,4090829.8
Mauritius,2022,4249021.0
Mexico,2017,465620930.0
Mexico,2018,470285860.0
Mexico,2019,468322140.0
Mexico,2020,442289100.0
Mexico,2021,468791360.0
Mexico,2022,511971970.0
Micronesia (country),2017,142896.0
Micronesia (country),2018,142896.0
Micronesia (country),2019,146560.0
Micronesia (country),2020,146560.0
Micronesia (country),2021,152931.0
Micronesia (country),2022,151206.0
Moldova,2017,5220511.0
Moldova,2018,5445450.0
Moldova,2019,5495003.0
Moldova,2020,5241230.0
Moldova,2021,5596952.0
Moldova,2022,5422021.0
Mongolia,2017,34135348.0
Mongolia,2018,45315650.0
Mongolia,2019,47254524.0
Mongolia,2020,37076764.0
Mongolia,2021,38256660.0
Mongolia,2022,37894484.0
Montenegro,2017,2103136.0
Montenegro,2018,2399920.0
Montenegro,2019,2476864.0
Montenegro,2020,2407248.0
Montenegro,2021,2304752.0
Montenegro,2022,2292498.0
Montserrat,2017,29312.0
Montserrat,2018,29312.0
Montserrat,2019,21984.0
Montserrat,2020,21984.0
Montserrat,2021,21184.0
Montserrat,2022,21380.0
Morocco,2017,61107120.0
Morocco,2018,62309240.0
Morocco,2019,68743120.0
Morocco,2020,64560784.0
Morocco,2021,72640950.0
Morocco,2022,68411810.0
Mozambique,2017,6905362.0
Mozambique,2018,7010169.0
Mozambique,2019,7101099.0
Mozambique,2020,6376114.0
Mozambique,2021,7190322.0
Mozambique,2022,8003215.0
Myanmar,2017,23630088.0
Myanmar,2018,34016840.0
Myanmar,2019,33616924.0
Myanmar,2020,34609780.0
Myanmar,2021,35619332.0
Myanmar,2022,34922210.0
Namibia,2017,4216153.0
Namibia,2018,4154920.0
Namibia,2019,4111065.0
Namibia,2020,3681840.0
Namibia,2021,3732342.0
Namibia,2022,3952970.0
Nauru,2017,54960.0
Nauru,2018,54960.0
Nauru,2019,54960.0
Nauru,2020,51296.0
Nauru,2021,53526.0
Nauru,2022,52922.0
Nepal,2017,12429835.0
Nepal,2018,14798718.0
Nepal,2019,13574890.0
Nepal,2020,14902414.0
Nepal,2021,15628272.0
Nepal,2022,15499952.0
Netherlands,2017,162202580.0
Netherlands,2018,158133890.0
Netherlands,2019,152509390.0
Netherlands,2020,136684620.0
Netherlands,2021,139906940.0
Netherlands,2022,125358230.0
New Caledonia,2017,5583765.0
New Caledonia,2018,5913008.0
New Caledonia,2019,5672867.0
New Caledonia,2020,5109173.0
New Caledonia,2021,4536780.0
New Caledonia,2022,5115215.0
New Zealand,2017,35687180.0
New Zealand,2018,35704196.0
New Zealand,2019,36878936.0
New Zealand,2020,34237324.0
New Zealand,2021,34318004.0
New Zealand,2022,32211814.0
Nicaragua,2017,5461305.0
Nicaragua,2018,5199214.0
Nicaragua,2019,5222552.0
Nicaragua,2020,4748407.0
Nicaragua,2021,5384107.0
Nicaragua,2022,5550354.0
Niger,2017,2249800.0
Niger,2018,1803409.0
Niger,2019,2513365.0
Niger,2020,2816703.0
Niger,2021,3038976.0
Niger,2022,3058157.0
Nigeria,2017,112759180.0
Nigeria,2018,105599590.0
Nigeria,2019,127337630.0
Nigeria,2020,123822170.0
Nigeria,2021,131113260.0
Nigeria,2022,128759470.0
Niue,2017,7328.0
Niue,2018,10992.0
Niue,2019,7328.0
Niue,2020,7328.0
Niue,2021,7647.0
Niue,2022,7560.0
North Korea,2017,51735804.0
North Korea,2018,47629852.0
North Korea,2019,52764220.0
North Korea,2020,49814344.0
North Korea,2021,51336290.0
North Korea,2022,50871636.0
North Macedonia,2017,7152128.0
North Macedonia,2018,6671957.0
North Macedonia,2019,7646768.0
North Macedonia,2020,6954272.0
North Macedonia,2021,7688865.0
North Macedonia,2022,7588422.0
Norway,2017,44165000.0
Norway,2018,44405000.0
Norway,2019,42793000.0
Norway,2020,41231000.0
Norway,2021,41028000.0
Norway,2022,40808000.0
Oman,2017,69230730.0
Oman,2018,66135436.0
Oman,2019,59221740.0
Oman,2020,65428856.0
Oman,2021,70868430.0
Oman,2022,71986390.0
Pakistan,2017,216158430.0
Pakistan,2018,205060930.0
Pakistan,2019,206061230.0
Pakistan,2020,200602800.0
Pakistan,2021,223450130.0
Pakistan,2022,200199900.0
Palau,2017,216176.0
Palau,2018,212512.0
Palau,2019,219840.0
Palau,2020,212512.0
Palau,2021,221749.0
Palau,2022,219249.0
Palestine,2017,3268288.0
Palestine,2018,2959135.0
Palestine,2019,3265402.0
Palestine,2020,3326912.0
Palestine,2021,3427691.0
Palestine,2022,3496896.0
Panama,2017,11223156.0
Panama,2018,10755982.0
Panama,2019,13380774.0
Panama,2020,10324345.0
Panama,2021,11707582.0
Panama,2022,11899901.0
Papua New Guinea,2017,6660155.0
Papua New Guinea,2018,7606856.0
Papua New Guinea,2019,7817134.0
Papua New Guinea,2020,7723852.0
Papua New Guinea,2021,7946207.0
Papua New Guinea,2022,7823140.0
Paraguay,2017,7932479.0
Paraguay,2018,8400541.0
Paraguay,2019,8136721.5
Paraguay,2020,7366268.0
Paraguay,2021,9264423.0
Paraguay,2022,9018049.0
Peru,2017,54858950.0
Peru,2018,55848252.0
Peru,2019,58365044.0
Peru,2020,46965196.0
Peru,2021,56470120.0
Peru,2022,60921110.0
Philippines,2017,135150080.0
Philippines,2018,141517820.0
Philippines,2019,144159980.0
Philippines,2020,132851040.0
Philippines,2021,142753780.0
Philippines,2022,150395980.0
Poland,2017,336765400.0
Poland,2018,336080900.0
Poland,2019,317682530.0
Poland,2020,302437100.0
Poland,2021,331077150.0
Poland,2022,323117300.0
Portugal,2017,55106276.0
Portugal,2018,51372730.0
Portugal,2019,47494044.0
Portugal,2020,41695200.0
Portugal,2021,39938332.0
Portugal,2022,41605030.0
Qatar,2017,100111260.0
Qatar,2018,95463944.0
Qatar,2019,101018984.0
Qatar,2020,102501230.0
Qatar,2021,107218140.0
Qatar,2022,101340350.0
Romania,2017,79648910.0
Romania,2018,80279690.0
Romania,2019,76885224.0
Romania,2020,74026536.0
Romania,2021,77190584.0
Romania,2022,73521290.0
Russia,2017,1666121200.0
Russia,2018,1712494300.0
Russia,2019,1705030900.0
Russia,2020,1632929300.0
Russia,2021,1711993300.0
Russia,2022,1652177300.0
Rwanda,2017,1155068.0
Rwanda,2018,1287400.0
Rwanda,2019,1372734.0
Rwanda,2020,1371813.0
Rwanda,2021,1553445.0
Rwanda,2022,1547760.0
Saint Helena,2017,10992.0
Saint Helena,2018,10992.0
Saint Helena,2019,14656.0
Saint Helena,2020,18320.0
Saint Helena,2021,17654.0
Saint Helena,2022,17816.0
Saint Kitts and Nevis,2017,241824.0
Saint Kitts and Nevis,2018,245488.0
Saint Kitts and Nevis,2019,252815.98
Saint Kitts and Nevis,2020,230832.0
Saint Kitts and Nevis,2021,222436.0
Saint Kitts and Nevis,2022,224486.0
Saint Lucia,2017,490976.0
Saint Lucia,2018,509296.0
Saint Lucia,2019,501968.03
Saint Lucia,2020,483648.0
Saint Lucia,2021,466056.0
Saint Lucia,2022,470351.0
Saint Pierre and Miquelon,2017,65952.0
Saint Pierre and Miquelon,2018,58624.0
Saint Pierre and Miquelon,2019,65952.0
Saint Pierre and Miquelon,2020,62288.0
Saint Pierre and Miquelon,2021,60022.0
Saint Pierre and Miquelon,2022,60576.0
Saint Vincent and the Grenadines,2017,216176.0
Saint Vincent and the Grenadines,2018,241824.0
Saint Vincent and the Grenadines,2019,227168.0
Saint Vincent and the Grenadines,2020,245488.0
Saint Vincent and the Grenadines,2021,236559.0
Saint Vincent and the Grenadines,2022,238739.0
Samoa,2017,245488.0
Samoa,2018,238160.0
Samoa,2019,271136.0
Samoa,2020,241824.0
Samoa,2021,252335.02
Samoa,2022,249491.0
Sao Tome and Principe,2017,139232.0
Sao Tome and Principe,2018,139232.0
Sao Tome and Principe,2019,142896.0
Sao Tome and Principe,2020,139232.0
Sao Tome and Principe,2021,145706.0
Sao Tome and Principe,2022,132255.0
Saudi Arabia,2017,680853950.0
Saudi Arabia,2018,686896300.0
Saudi Arabia,2019,707125250.0
Saudi Arabia,2020,610772900.0
Saudi Arabia,2021,631437300.0
Saudi Arabia,2022,662549400.0
Senegal,2017,10760131.0
Senegal,2018,11330392.0
Senegal,2019,12713021.0
Senegal,2020,10820952.0
Senegal,2021,11540229.0
Senegal,2022,11668435.0
Serbia,2017,45529550.0
Serbia,2018,44320356.0
Serbia,2019,44278484.0
Serbia,2020,45169760.0
Serbia,2021,43905810.0
Serbia,2022,43506644.0
Seychelles,2017,575248.0
Seychelles,2018,600896.0
Seychelles,2019,593568.0
Seychelles,2020,608224.0
Seychelles,2021,662611.0
Seychelles,2022,658828.0
Sierra Leone,2017,1088208.0
Sierra Leone,2018,1029186.94
Sierra Leone,2019,1003936.06
Sierra Leone,2020,1025920.06
Sierra Leone,2021,1109789.0
Sierra Leone,2022,1129488.0
Singapore,2017,40014544.0
Singapore,2018,50035584.0
Singapore,2019,33778416.0
Singapore,2020,54813440.0
Singapore,2021,55830696.0
Singapore,2022,53252430.0
Sint Maarten (Dutch part),2017,707152.0
Sint Maarten (Dutch part),2018,688832.0
Sint Maarten (Dutch part),2019,688832.0
Sint Maarten (Dutch part),2020,652192.0
Sint Maarten (Dutch part),2021,628469.0
Sint Maarten (Dutch part),2022,634261.0
Slovakia,2017,36114092.0
Slovakia,2018,36105530.0
Slovakia,2019,33778548.0
Slovakia,2020,31096626.0
Slovakia,2021,35166804.0
Slovakia,2022,34151680.0
Slovenia,2017,14616678.0
Slovenia,2018,14519854.0
Slovenia,2019,14039442.0
Slovenia,2020,12854907.0
Slovenia,2021,13059966.0
Slovenia,2022,12714800.0
Solomon Islands,2017,285792.0
Solomon Islands,2018,289456.0
Solomon Islands,2019,293120.0
Solomon Islands,2020,289456.0
Solomon Islands,2021,302038.0
Solomon Islands,2022,298633.0
Somalia,2017,637536.0
Somalia,2018,637536.0
Somalia,2019,637536.0
Somalia,2020,597232.0
Somalia,2021,650636.0
Somalia,2022,646921.0
South Africa,2017,439380130.0
South Africa,2018,435237200.0
South Africa,2019,465429250.0
South Africa,2020,434828640.0
South Africa,2021,425627700.0
South Africa,2022,404053980.0
South Korea,2017,654537300.0
South Korea,2018,670168700.0
South Korea,2019,646102200.0
South Korea,2020,597634300.0
South Korea,2021,616075000.0
South Korea,2022,600999360.0
South Sudan,2017,1454608.0
South Sudan,2018,1736736.0
South Sudan,2019,1780704.0
South Sudan,2020,1692768.0
South Sudan,2021,1844134.0
South Sudan,2022,1833605.0
Spain,2017,273592200.0
Spain,2018,268600500.0
Spain,2019,250660800.0
Spain,2020,213625420.0
Spain,2021,230269460.0
Spain,2022,245613820.0
Sri Lanka,2017,22872902.0
Sri Lanka,2018,20096860.0
Sri Lanka,2019,21232160.0
Sri Lanka,2020,20624664.0
Sri Lanka,2021,20118602.0
Sri Lanka,2022,17327094.0
Sudan,2017,20493030.0
Sudan,2018,21754658.0
Sudan,2019,21772508.0
Sudan,2020,20527464.0
Sudan,2021,22185106.0
Sudan,2022,22013348.0
Suriname,2017,2426406.0
Suriname,2018,2089318.0
Suriname,2019,2635797.0
Suriname,2020,2917944.0
Suriname,2021,3682585.0
Suriname,2022,3586520.0
Sweden,2017,42456588.0
Sweden,2018,42036584.0
Sweden,2019,41006040.0
Sweden,2020,36686484.0
Sweden,2021,38524788.0
Sweden,2022,38050544.0
Switzerland,2017,38172092.0
Switzerland,2018,36867250.0
Switzerland,2019,36726916.0
Switzerland,2020,34235224.0
Switzerland,2021,35787340.0
Switzerland,2022,35380164.0
Syria,2017,28443664.0
Syria,2018,32424630.0
Syria,2019,28677104.0
Syria,2020,26312742.0
Syria,2021,27217022.0
Syria,2022,27635256.0
Taiwan,2017,285247000.0
Taiwan,2018,283416000.0
Taiwan,2019,273954020.0
Taiwan,2020,271788800.0
Taiwan,2021,291201400.0
Taiwan,2022,277900930.0
Tajikistan,2017,6858048.0
Tajikistan,2018,8060483.0
Tajikistan,2019,8856778.0
Tajikistan,2020,9298944.0
Tajikistan,2021,9980379.0
Tajikistan,2022,10017384.0
Tanzania,2017,11233944.0
Tanzania,2018,11837862.0
Tanzania,2019,13743298.0
Tanzania,2020,14168675.0
Tanzania,2021,15417177.0
Tanzania,2022,15569999.0
Thailand,2017,283347620.0
Thailand,2018,288346340.0
Thailand,2019,281870340.0
Thailand,2020,271852000.0
Thailand,2021,267219020.0
Thailand,2022,270746370.0
Togo,2017,1991390.0
Togo,2018,2165189.0
Togo,2019,2414997.0
Togo,2020,2381218.0
Togo,2021,2555860.0
Togo,2022,2575560.0
Tonga,2017,135568.0
Tonga,2018,135568.0
Tonga,2019,161216.0
Tonga,2020,183200.0
Tonga,2021,191163.0
Tonga,2022,189008.0
Trinidad and Tobago,2017,40317892.0
Trinidad and Tobago,2018,40327880.0
Trinidad and Tobago,2019,40782852.0
Trinidad and Tobago,2020,35029664.0
Trinidad and Tobago,2021,35532470.0
Trinidad and Tobago,2022,34331736.0
Tunisia,2017,31271626.0
Tunisia,2018,31134054.0
Tunisia,2019,30353464.0
Tunisia,2020,28493462.0
Tunisia,2021,35244284.0
Tunisia,2022,35576780.0
Turkey,2017,430900860.0
Turkey,2018,422058620.0
Turkey,2019,402692260.0
Turkey,2020,412926880.0
Turkey,2021,452702800.0
Turkey,2022,435684600.0
Turkmenistan,2017,64359890.0
Turkmenistan,2018,63760204.0
Turkmenistan,2019,65324644.0
Turkmenistan,2020,67697480.0
Turkmenistan,2021,69974744.0
Turkmenistan,2022,70958350.0
Turks and Caicos Islands,2017,351744.0
Turks and Caicos Islands,2018,362736.0
Turks and Caicos Islands,2019,362736.0
Turks and Caicos Islands,2020,359072.0
Turks and Caicos Islands,2021,346011.0
Turks and Caicos Islands,2022,349200.0
Tuvalu,2017,10992.0
Tuvalu,2018,10992.0
Tuvalu,2019,10992.0
Tuvalu,2020,10992.0
Tuvalu,2021,11470.0
Tuvalu,2022,11340.0
Uganda,2017,5387882.0
Uganda,2018,5523001.0
Uganda,2019,5731925.0
Uganda,2020,5538408.0
Uganda,2021,6052755.0
Uganda,2022,6021782.0
Ukraine,2017,223080820.0
Ukraine,2018,231663820.0
Ukraine,2019,221943170.0
Ukraine,2020,206823860.0
Ukraine,2021,210153310.0
Ukraine,2022,141253000.0
United Arab Emirates,2017,212490380.0
United Arab Emirates,2018,209278510.0
United Arab Emirates,2019,219556580.0
United Arab Emirates,2020,216768320.0
United Arab Emirates,2021,237248980.0
United Arab Emirates,2022,243895220.0
United Kingdom,2017,387367140.0
United Kingdom,2018,379729760.0
United Kingdom,2019,364753280.0
United Kingdom,2020,326263200.0
United Kingdom,2021,347465060.0
United Kingdom,2022,318654370.0
United States,2017,5212162000.0
United States,2018,5377797000.0
United States,2019,5262145000.0
United States,2020,4714628000.0
United States,2021,5032213000.0
United States,2022,5057303600.0
Uruguay,2017,6162573.0
Uruguay,2018,6570970.0
Uruguay,2019,6489942.0
Uruguay,2020,6477168.0
Uruguay,2021,8102205.5
Uruguay,2022,7893098.0
Uzbekistan,2017,108930904.0
Uzbekistan,2018,102288104.0
Uzbekistan,2019,108429080.0
Uzbekistan,2020,109631970.0
Uzbekistan,2021,116387944.0
Uzbekistan,2022,120610190.0
Vanuatu,2017,142896.0
Vanuatu,2018,179536.0
Vanuatu,2019,164880.0
Vanuatu,2020,201520.0
Vanuatu,2021,210280.0
Vanuatu,2022,207909.0
Venezuela,2017,138226900.0
Venezuela,2018,100734470.0
Venezuela,2019,87611624.0
Venezuela,2020,61956236.0
Venezuela,2021,71613200.0
Venezuela,2022,76892000.0
Vietnam,2017,229642500.0
Vietnam,2018,257722290.0
Vietnam,2019,341788800.0
Vietnam,2020,363342660.0
Vietnam,2021,352553020.0
Vietnam,2022,343606620.0
Wallis and Futuna,2017,25648.0
Wallis and Futuna,2018,25648.0
Wallis and Futuna,2019,25648.0
Wallis and Futuna,2020,25648.0
Wallis and Futuna,2021,26763.0
Wallis and Futuna,2022,26461.0
Yemen,2017,9694605.0
Yemen,2018,11591975.0
Yemen,2019,11837194.0
Yemen,2020,10883986.0
Yemen,2021,11587916.0
Yemen,2022,11356347.0
Zambia,2017,6850203.0
Zambia,2018,7419369.0
Zambia,2019,7750827.0
Zambia,2020,8144346.0
Zambia,2021,8663157.0
Zambia,2022,8921889.0
Zimbabwe,2017,9295629.0
Zimbabwe,2018,10714598.0
Zimbabwe,2019,9775428.0
Zimbabwe,2020,7849639.0
Zimbabwe,2021,8396158.0
Zimbabwe,2022,8855981.0
